{"total_passengers_served": 11329, "total_passengers_missed": 1573, "total_vehicle_miles_traveled": 23248.372371419122, "empty_vehicle_miles_traveled": 1514.1129547624914, "avg_passenger_wait_time": 112.16041410414104, "p90_passenger_wait_time": 383.5, "p99_passenger_wait_time": 587.0, "total_vehicles_used": 100}
